accident_date,accident_time,state_name,district_name,city,locality,road_name,road_number,road_type,latitude,longitude,accident_type,severity,deaths,injured,critical_injuries,vehicles_involved,weather_condition,road_condition,cause,description,source_name,source_url
2026-01-14,04:30:00,Uttar Pradesh,Mathura,Mathura,Milestone 88 Corridor,Yamuna Expressway,YE-01,Expressway,27.605688,77.625482,Multi-Vehicle Pileup,Fatal,4,12,3,5,Dense Fog,Frost / Wet,Dense Fog / Poor Visibility,Multi-vehicle pileup during dense winter fog on expressway corridor,MoRTH - Road Accidents in India Report,https://morth.nic.in
2026-02-11,16:40:00,Maharashtra,Pune,Lonavala,Khandala Ghat Section,Yashwantrao Chavan Expressway,EXP-MH,Expressway,18.761234,73.376511,Rollover / Overturning,Fatal,3,7,2,2,Clear,Steep Gradient,Mechanical Failure / Tyre Burst,Tanker brake failure on descending grade in Khandala Ghat section,MoRTH - Black Spots on National Highways,https://morth.nic.in
2026-02-19,01:50:00,Haryana,Gurugram,Gurugram,Kherki Daula Flyover Ramp,Delhi-Jaipur Highway,NH-48,National Highway,28.398621,76.984511,Rollover / Overturning,Fatal,2,3,1,1,Clear,Dry,Overspeeding,High-speed passenger vehicle overturn near Kherki Daula intersection,NCRB - Accidental Deaths & Suicides in India (ADSI),https://ncrb.gov.in
2026-03-05,03:15:00,Telangana,Hyderabad,Hyderabad,Shamshabad Junction,Bengaluru Highway,NH-44,National Highway,17.251432,78.432619,Rear-end Collision,Fatal,3,5,2,2,Clear,Dry 6-Lane,Driver Fatigue / Falling Asleep,Night freight van rear-ended stationary container vehicle on highway shoulder,data.gov.in - Open Government Data (OGD),https://data.gov.in
2026-03-12,08:45:00,Karnataka,Bengaluru Urban,Bengaluru,Electronic City Phase 1 Toll,Hosur Road,NH-44,National Highway,12.839812,77.678123,Rear-end Collision,Moderate,0,3,0,3,Clear,Asphalt Normal,Distracted Driving (Mobile Phone),Multiple car collision approaching toll plaza speed reduction zone,data.gov.in - Open Government Data (OGD),https://data.gov.in
2026-03-22,14:15:00,Uttar Pradesh,Mathura,Mathura,Milestone 102 Corridor,Yamuna Expressway,YE-01,Expressway,27.654120,77.689123,Head-on Collision,Fatal,3,5,2,2,Clear,Dry Concrete,Wrong-side Driving,Commercial carrier entered wrong exit ramp causing high-speed impact,MoRTH - Road Accidents in India Report,https://morth.nic.in
2026-04-03,19:20:00,Maharashtra,Pune,Lonavala,Near Amrutanjan Bridge,Yashwantrao Chavan Expressway,EXP-MH,Expressway,18.758412,73.369812,Multi-Vehicle Pileup,Severe,0,9,3,4,Clear,Dry,Overspeeding,High-speed collision at blind curve resulting in multi-vehicle pileup,MoRTH - Black Spots on National Highways,https://morth.nic.in
2026-04-15,22:15:00,Tamil Nadu,Chennai,Chennai,Sholinganallur Junction,Old Mahabalipuram Road,SH-49A,State Highway,12.901243,80.228741,Motorcycle / Two-Wheeler Crash,Fatal,1,1,0,2,Clear,Urban Divided,Overspeeding,Late-night motorcycle collision into median curb,NCRB - Accidental Deaths & Suicides in India (ADSI),https://ncrb.gov.in
2026-05-12,01:10:00,Gujarat,Ahmedabad,Ahmedabad,Iskcon Cross Road,SG Highway,SH-133,State Highway,23.028912,72.506721,Head-on Collision,Fatal,2,4,1,2,Clear,Wide Arterial,Drunk Driving / Intoxication,Intersection collision during overnight curfew hours,NCRB - Accidental Deaths & Suicides in India (ADSI),https://ncrb.gov.in
2026-05-18,23:45:00,Uttar Pradesh,Agra,Agra,Agra Entry Interchange,Yamuna Expressway,YE-01,Expressway,27.228945,78.077651,Rear-end Collision,Severe,0,5,2,2,Clear,Dry,Overspeeding,Sedan rear-ended stationary container truck without hazard reflectors,MoRTH - Road Accidents in India Report,https://morth.nic.in
2026-05-30,18:15:00,Karnataka,Bengaluru Urban,Bengaluru,Bommasandra Flyover Exit,Hosur Road,NH-44,National Highway,12.825633,77.683419,Hit and Run / Pedestrian,Fatal,1,2,1,1,Clear,Dry,Overspeeding,Pedestrian struck attempting unauthorized road crossing under elevated highway,data.gov.in - Open Government Data (OGD),https://data.gov.in
2026-06-11,07:30:00,Haryana,Gurugram,Gurugram,Bilaspur Chowk,Delhi-Jaipur Highway,NH-48,National Highway,28.321412,76.892412,Side Impact / T-Bone,Moderate,0,4,1,2,Clear,Dry,Distracted Driving (Mobile Phone),Merging truck clipped passenger cab changing lanes without indicator,MoRTH - Black Spots on National Highways,https://morth.nic.in
2026-06-25,11:15:00,Maharashtra,Raigad,Panvel,Kalamboli Junction,Yashwantrao Chavan Expressway,EXP-MH,Expressway,19.015243,73.109821,Rear-end Collision,Fatal,2,3,1,2,Rain / Heavy Downpour,Wet / Monsoon,Overspeeding,Heavy monsoon downpour caused aquaplaning on expressway entry curve,MoRTH - Road Accidents in India Report,https://morth.nic.in
2026-07-08,02:30:00,Uttar Pradesh,Mathura,Mathura,Milestone 88 Corridor,Yamuna Expressway,YE-01,Expressway,27.605688,77.625482,Rear-end Collision,Fatal,3,6,2,2,Rain / Heavy Downpour,Slippery,Driver Fatigue / Falling Asleep,Sleeper coach rear-ended heavy freight vehicle on expressway corridor,MoRTH - Road Accidents in India Report,https://morth.nic.in
2026-07-15,05:20:00,Delhi,North Delhi,Delhi,Mukarba Chowk Underpass,Outer Ring Road / GT Karnal,NH-44,City Arterial Road / Ring Road,28.736521,77.162415,Rear-end Collision,Fatal,2,8,3,3,Dense Fog,Dense Fog,Dense Fog / Poor Visibility,Commuter bus rear collision with lorry at Mukarba Chowk,MoRTH - Road Accidents in India Report,https://morth.nic.in
2026-07-22,21:40:00,Delhi,North Delhi,Delhi,Jahangirpuri Flyover Approach,Outer Ring Road / GT Karnal,NH-44,City Arterial Road / Ring Road,28.728912,77.172412,Motorcycle / Two-Wheeler Crash,Fatal,1,1,0,2,Rain / Heavy Downpour,Potholes / Waterlogged,Poor Road Surface / Potholes,Two-wheeler skidded over flooded crater pothole during heavy rain,NCRB - Accidental Deaths & Suicides in India (ADSI),https://ncrb.gov.in
2026-08-01,11:10:00,Rajasthan,Jaipur,Jaipur,Chandwaji Intersection,Delhi-Jaipur Highway,NH-48,National Highway,27.205412,75.932145,Side Impact / T-Bone,Moderate,0,2,0,2,Clear,Normal,Red Light / Signal Jumping,SUV collided with freight delivery vehicle at highway intersection,data.gov.in - Open Government Data (OGD),https://data.gov.in
